{"stats":{"minecraft:mined":{"minecraft:grass":1},"minecraft:used":{"minecraft:smooth_sandstone":2},"minecraft:custom":{"minecraft:jump":75,"minecraft:time_since_rest":5478,"minecraft:crouch_one_cm":120,"minecraft:leave_game":2,"minecraft:play_time":5478,"minecraft:sprint_one_cm":3931,"minecraft:time_since_death":5478,"minecraft:walk_one_cm":7979,"minecraft:sneak_time":188,"minecraft:total_world_time":5478,"minecraft:climb_one_cm":115,"minecraft:fall_one_cm":685,"minecraft:fly_one_cm":24905}},"DataVersion":3337}