{
  "minecraft:recipes/decorations/crafting_table": {
    "criteria": {
      "unlock_right_away": "2024-06-23 22:48:11 +0000"
    },
    "done": true
  },
  "minecraft:adventure/adventuring_time": {
    "criteria": {
      "minecraft:beach": "2024-06-23 22:48:59 +0000",
      "minecraft:sparse_jungle": "2024-06-23 22:48:12 +0000",
      "minecraft:stony_shore": "2024-06-23 22:49:42 +0000",
      "minecraft:desert": "2024-06-23 22:49:30 +0000"
    },
    "done": false
  },
  "DataVersion": 3337
}